N,mean_delta,median_delta,W,p_value,Z,r
12,0.18666312809221086,0.23639932540036734,8.0,0.01220703125,2.5061022522487013,0.7234494049762576
